<?xml version="1.0" encoding="UTF-8"?>
<project-private xmlns="http://www.netbeans.org/ns/project-private/1">
    <editor-bookmarks xmlns="http://www.netbeans.org/ns/editor-bookmarks/2" lastBookmarkId="1">
        <file>
            <url>src/Controlador/login.java</url>
            <bookmark id="1">
                <name/>
                <line>0</line>
                <key/>
            </bookmark>
        </file>
    </editor-bookmarks>
    <open-files xmlns="http://www.netbeans.org/ns/projectui-open-files/2">
        <group>
            <file>file:/C:/Users/bersa/Downloads/netbeansProyectos/AplicacionObtetricia2.0/AplicacionObtetricia/src/Controlador/rol.java</file>
            <file>file:/C:/Users/bersa/Downloads/netbeansProyectos/AplicacionObtetricia2.0/AplicacionObtetricia/src/com/raven/swing/ScrollBar.java</file>
            <file>file:/C:/Users/bersa/Downloads/netbeansProyectos/AplicacionObtetricia2.0/AplicacionObtetricia/src/com/raven/swing/TableGradientCell.java</file>
            <file>file:/C:/Users/bersa/Downloads/netbeansProyectos/AplicacionObtetricia2.0/AplicacionObtetricia/src/com/raven/swing/TableHeader.java</file>
            <file>file:/C:/Users/bersa/Downloads/netbeansProyectos/AplicacionObtetricia2.0/AplicacionObtetricia/src/com/raven/swing/Button.java</file>
            <file>file:/C:/Users/bersa/Downloads/netbeansProyectos/AplicacionObtetricia2.0/AplicacionObtetricia/src/Vistas/Login.java</file>
            <file>file:/C:/Users/bersa/Downloads/netbeansProyectos/AplicacionObtetricia2.0/AplicacionObtetricia/src/Vistas/GestionarRoles.java</file>
            <file>file:/C:/Users/bersa/Downloads/netbeansProyectos/AplicacionObtetricia2.0/AplicacionObtetricia/src/com/raven/form/Form_GestionUsuario.java</file>
        </group>
    </open-files>
</project-private>
